{
  "formatVersion": 1,
  "database": {
    "version": 1,
    "identityHash": "89d37246d743ba14791ab2345ebd4237",
    "entities": [
      {
        "tableName": "data_table",
        "createSql": "CREATE TABLE IF NOT EXISTS `${TABLE_NAME}` (`id` INTEGER PRIMARY KEY AUTOINCREMENT NOT NULL, `name` TEXT NOT NULL, `abilities` TEXT NOT NULL, `image_bytes` BLOB)",
        "fields": [
          {
            "fieldPath": "id",
            "columnName": "id",
            "affinity": "INTEGER",
            "notNull": true
          },
          {
            "fieldPath": "name",
            "columnName": "name",
            "affinity": "TEXT",
            "notNull": true
          },
          {
            "fieldPath": "abilities",
            "columnName": "abilities",
            "affinity": "TEXT",
            "notNull": true
          },
          {
            "fieldPath": "imageBytes",
            "columnName": "image_bytes",
            "affinity": "BLOB",
            "notNull": false
          }
        ],
        "primaryKey": {
          "autoGenerate": true,
          "columnNames": [
            "id"
          ]
        },
        "indices": [],
        "foreignKeys": []
      }
    ],
    "views": [],
    "setupQueries": [
      "CREATE TABLE IF NOT EXISTS room_master_table (id INTEGER PRIMARY KEY,identity_hash TEXT)",
      "INSERT OR REPLACE INTO room_master_table (id,identity_hash) VALUES(42, '89d37246d743ba14791ab2345ebd4237')"
    ]
  }
}